frame,time_sec,knee_angle_deg,vis_min,pose_detected,knee_angle_interp,knee_angle_smooth
0,0.0,167.52049255371094,0.8667401671409607,1,167.52049255371094,160.16113
1,0.03333333333333333,153.45811462402344,0.8981444239616394,1,153.45811462402344,153.60384
2,0.06666666666666667,157.36495971679688,0.881531298160553,1,157.36495971679688,150.05908
3,0.1,140.22276306152344,0.8635466694831848,1,140.22276306152344,135.01076
4,0.13333333333333333,121.61942291259766,0.8654940128326416,1,121.61942291259766,124.207664
5,0.16666666666666666,142.70729064941406,0.43975961208343506,1,142.70729064941406,122.324066
6,0.2,62.18222427368164,0.13440880179405212,1,62.18222427368164,125.5487
7,0.23333333333333334,91.89886474609375,0.7557028532028198,1,91.89886474609375,123.87964
8,0.26666666666666666,140.27285766601562,0.26309505105018616,1,140.27285766601562,122.26773
9,0.3,179.9374237060547,0.37611308693885803,1,179.9374237060547,121.96707
10,0.3333333333333333,128.53933715820312,0.6146588325500488,1,128.53933715820312,131.37192
11,0.36666666666666664,110.33607482910156,0.40668806433677673,1,110.33607482910156,143.91559
12,0.4,140.6026611328125,0.8278070092201233,1,140.6026611328125,144.96672
13,0.43333333333333335,128.01614379882812,0.4897759258747101,1,128.01614379882812,141.97083
14,0.4666666666666667,179.70457458496094,0.2832002341747284,1,179.70457458496094,148.04518
15,0.5,147.63076782226562,0.8261712789535522,1,147.63076782226562,152.95349
16,0.5333333333333333,158.96621704101562,0.807476282119751,1,158.96621704101562,152.63712
17,0.5666666666666667,171.0598602294922,0.6773028373718262,1,171.0598602294922,159.93344
18,0.6,144.69430541992188,0.724661648273468,1,144.69430541992188,154.55403
19,0.6333333333333333,138.3878631591797,0.6879070401191711,1,138.3878631591797,154.19432
20,0.6666666666666666,179.09042358398438,0.7130157351493835,1,179.09042358398438,153.2251
21,0.7,142.0487518310547,0.9386045336723328,1,142.0487518310547,152.18633
22,0.7333333333333333,145.1127166748047,0.8900109529495239,1,145.1127166748047,155.38196
23,0.7666666666666667,152.181640625,0.8694784641265869,1,152.181640625,159.27997
24,0.8,163.78855895996094,0.8957970142364502,1,163.78855895996094,153.52249
25,0.8333333333333334,167.0637664794922,0.847057580947876,1,167.0637664794922,151.43872
26,0.8666666666666667,165.67385864257812,0.8148874640464783,1,165.67385864257812,149.12234
27,0.9,138.7881622314453,0.9334724545478821,1,138.7881622314453,143.53383
28,0.9333333333333333,127.46224975585938,0.97517991065979,1,127.46224975585938,131.09007
29,0.9666666666666667,128.898193359375,0.8922290205955505,1,128.898193359375,120.51131
30,1.0,113.06204223632812,0.9254432320594788,1,113.06204223632812,112.8566
31,1.0333333333333334,76.68224334716797,0.8837558627128601,1,76.68224334716797,105.31382
32,1.0666666666666667,93.01241302490234,0.8807690143585205,1,93.01241302490234,105.44658
33,1.1,112.09085845947266,0.7136136889457703,1,112.09085845947266,104.501686
34,1.1333333333333333,85.98866271972656,0.6093593835830688,1,85.98866271972656,104.78885
35,1.1666666666666667,128.3916015625,0.626454770565033,1,128.3916015625,113.549255
36,1.2,122.2839126586914,0.485535204410553,1,122.2839126586914,123.035645
37,1.2333333333333334,115.07218933105469,0.42293211817741394,1,115.07218933105469,131.38669
38,1.2666666666666666,138.00506591796875,0.5183497071266174,1,138.00506591796875,144.05782
39,1.3,159.41714477539062,0.5802375674247742,1,159.41714477539062,150.09335
40,1.3333333333333333,170.54824829101562,0.8440284729003906,1,170.54824829101562,151.97922
41,1.3666666666666667,174.68650817871094,0.8263618350028992,1,174.68650817871094,153.37927
42,1.4,170.6403350830078,0.6238453984260559,1,170.6403350830078,152.21922
43,1.4333333333333333,135.48500061035156,0.8187175393104553,1,135.48500061035156,149.99686
44,1.4666666666666666,124.87254333496094,0.9169138073921204,1,124.87254333496094,148.9691
45,1.5,129.8846893310547,0.6959242224693298,1,129.8846893310547,148.66577
46,1.5333333333333334,143.86053466796875,0.8848522305488586,1,143.86053466796875,147.01207
47,1.5666666666666667,163.35403442382812,0.7369087338447571,1,163.35403442382812,150.84439
48,1.6,172.56324768066406,0.6040144562721252,1,172.56324768066406,155.83197
49,1.6333333333333333,159.0644073486328,0.784635603427887,1,159.0644073486328,159.20578
50,1.6666666666666667,162.31126403808594,0.8472090363502502,1,162.31126403808594,160.60345
51,1.7,159.78550720214844,0.8369265794754028,1,159.78550720214844,155.28261
52,1.7333333333333334,153.5013885498047,0.70392906665802,1,153.5013885498047,148.90312
53,1.7666666666666666,153.64425659179688,0.8187479376792908,1,153.64425659179688,142.04216
54,1.8,126.1081771850586,0.8778440952301025,1,126.1081771850586,135.25546
55,1.8333333333333333,127.90681457519531,0.8210936188697815,1,127.90681457519531,125.38876
56,1.8666666666666667,111.03758239746094,0.9354426264762878,1,111.03758239746094,114.56585
57,1.9,114.80450439453125,0.9798076152801514,1,114.80450439453125,115.05893
58,1.9333333333333333,90.7185287475586,0.7852612137794495,1,90.7185287475586,107.81774
59,1.9666666666666666,77.74102020263672,0.6077313423156738,1,77.74102020263672,102.76718
60,2.0,157.0959014892578,0.4207957088947296,1,157.0959014892578,99.14276
61,2.033333333333333,75.41975402832031,0.642885148525238,1,75.41975402832031,97.7666
62,2.066666666666667,92.55294036865234,0.5332452058792114,1,92.55294036865234,102.65983
63,2.1,85.66665649414062,0.7854446768760681,1,85.66665649414062,109.44661
64,2.1333333333333333,105.1714096069336,0.7523134350776672,1,105.1714096069336,102.88899
65,2.1666666666666665,124.97102355957031,0.818520188331604,1,124.97102355957031,107.36469
66,2.2,125.24860382080078,0.7985876798629761,1,125.24860382080078,112.177246
67,2.2333333333333334,111.19251251220703,0.283272922039032,1,111.19251251220703,118.56574
68,2.2666666666666666,106.74967956542969,0.8840985298156738,1,106.74967956542969,121.8298
69,2.3,126.2408218383789,0.705107569694519,1,126.2408218383789,122.54318
70,2.3333333333333335,130.38613891601562,0.8852953314781189,1,130.38613891601562,124.07488
71,2.3666666666666667,128.01974487304688,0.8915587067604065,1,128.01974487304688,128.59973
72,2.4,129.96475219726562,0.8519942164421082,1,129.96475219726562,136.52547
73,2.433333333333333,135.97047424316406,0.9850569367408752,1,135.97047424316406,140.72092
74,2.466666666666667,142.86639404296875,0.7912191152572632,1,142.86639404296875,143.54358
75,2.5,162.2298583984375,0.7946492433547974,1,162.2298583984375,145.17497
76,2.533333333333333,155.60899353027344,0.7951068878173828,1,155.60899353027344,145.64967
77,2.566666666666667,150.14479064941406,0.9354114532470703,1,150.14479064941406,143.33495
78,2.6,139.43951416015625,0.9847471714019775,1,139.43951416015625,138.54236
79,2.6333333333333333,133.28759765625,0.95746910572052,1,133.28759765625,129.9278
80,2.6666666666666665,119.76747131347656,0.9711900949478149,1,119.76747131347656,120.26408
81,2.7,109.31826782226562,0.9625003337860107,1,109.31826782226562,110.41474
82,2.7333333333333334,101.9278335571289,0.9580029249191284,1,101.9278335571289,101.100204
83,2.7666666666666666,87.9630126953125,0.9190806150436401,1,87.9630126953125,93.37567
84,2.8,81.19943237304688,0.9364060163497925,1,81.19943237304688,84.37522
85,2.8333333333333335,74.23773193359375,0.9600539803504944,1,74.23773193359375,77.341835
86,2.8666666666666667,79.21591186523438,0.9066715836524963,1,79.21591186523438,72.382164
87,2.9,56.76433563232422,0.8458060622215271,1,56.76433563232422,71.344604
88,2.933333333333333,60.084598541259766,0.8932519555091858,1,60.084598541259766,71.8487
89,2.966666666666667,67.21011352539062,0.9088151454925537,1,67.21011352539062,75.107285
90,3.0,80.70008850097656,0.9327558279037476,1,80.70008850097656,77.083534
91,3.033333333333333,84.72808074951172,0.962514340877533,1,84.72808074951172,83.70529
92,3.066666666666667,97.0478286743164,0.9197279810905457,1,97.0478286743164,89.895035
93,3.1,93.0497055053711,0.9116961359977722,1,93.0497055053711,96.33807
94,3.1333333333333333,103.11662292480469,0.9419687986373901,1,103.11662292480469,102.636856
95,3.1666666666666665,103.41276550292969,0.9517353773117065,1,103.41276550292969,110.97026
96,3.2,112.31136322021484,0.8834963440895081,1,112.31136322021484,117.18285
97,3.2333333333333334,124.79166412353516,0.9622244238853455,1,124.79166412353516,124.92316
98,3.2666666666666666,143.06187438964844,0.7453102469444275,1,143.06187438964844,132.56108
99,3.3,140.53602600097656,0.9187507629394531,1,140.53602600097656,142.41187
100,3.3333333333333335,147.231689453125,0.9492311477661133,1,147.231689453125,150.37132
101,3.3666666666666667,156.58212280273438,0.8063110113143921,1,156.58212280273438,157.82137
102,3.4,172.3683319091797,0.43628740310668945,1,172.3683319091797,162.32329
103,3.433333333333333,168.027587890625,0.30130279064178467,1,168.027587890625,165.34871
104,3.466666666666667,176.94192504882812,0.4354817271232605,1,176.94192504882812,169.24188
105,3.5,174.5753173828125,0.3082316517829895,1,174.5753173828125,171.01978
106,3.533333333333333,161.71392822265625,0.5865735411643982,1,161.71392822265625,159.80194
107,3.566666666666667,174.48390197753906,0.3368428647518158,1,174.48390197753906,148.92978
108,3.6,169.02740478515625,0.5693561434745789,1,169.02740478515625,133.98155
109,3.6333333333333333,93.84346008300781,0.7609299421310425,1,93.84346008300781,119.623955
110,3.6666666666666665,91.92249298095703,0.7684597373008728,1,91.92249298095703,107.69093
111,3.7,72.3043441772461,0.9559245705604553,1,72.3043441772461,92.606636
112,3.7333333333333334,74.07208251953125,0.6266898512840271,1,74.07208251953125,83.9468
113,3.7666666666666666,78.18282318115234,0.7373078465461731,1,78.18282318115234,83.88683
114,3.8,68.89381408691406,0.7135956883430481,1,68.89381408691406,83.889336
115,3.8333333333333335,108.40856170654297,0.6267356872558594,1,108.40856170654297,88.724266
116,3.8666666666666667,93.42369842529297,0.8371481895446777,1,93.42369842529297,95.152756
117,3.9,91.93998718261719,0.822960376739502,1,91.93998718261719,99.6485
118,3.933333333333333,106.14888000488281,0.924187421798706,1,106.14888000488281,107.85211
119,3.966666666666667,119.07147216796875,0.8505297899246216,1,119.07147216796875,114.554924
120,4.0,109.65301513671875,0.8944152593612671,1,109.65301513671875,120.597435
121,4.033333333333333,126.31915283203125,0.8595691323280334,1,126.31915283203125,128.45612
122,4.066666666666666,155.32826232910156,0.6360933780670166,1,155.32826232910156,136.55576
123,4.1,135.72122192382812,0.3821709454059601,1,135.72122192382812,138.59456
124,4.133333333333334,146.95069885253906,0.5532280802726746,1,146.95069885253906,141.42131
125,4.166666666666667,162.84646606445312,0.5888227820396423,1,162.84646606445312,145.13715
126,4.2,133.34307861328125,0.3858475089073181,1,133.34307861328125,145.06221
127,4.233333333333333,129.44024658203125,0.38358449935913086,1,129.44024658203125,142.76797
128,4.266666666666667,152.3300018310547,0.18665382266044617,1,152.3300018310547,145.75172
129,4.3,154.80368041992188,0.3155449330806732,1,154.80368041992188,133.16652
130,4.333333333333333,119.66162872314453,0.48319515585899353,1,119.66162872314453,128.17337
131,4.366666666666666,167.83688354492188,0.13181337714195251,1,167.83688354492188,125.46779
132,4.4,74.75003814697266,0.17273744940757751,1,74.75003814697266,128.04416
133,4.433333333333334,98.39105987548828,0.30554893612861633,1,98.39105987548828,126.69795
134,4.466666666666667,110.5012435913086,0.29394829273223877,1,110.5012435913086,128.4843
135,4.5,170.3645782470703,0.21159368753433228,1,170.3645782470703,123.826996
136,4.533333333333333,145.38021850585938,0.4337627589702606,1,145.38021850585938,130.61955
137,4.566666666666666,132.1659698486328,0.35871943831443787,1,132.1659698486328,134.36629
138,4.6,135.23585510253906,0.7170743346214294,1,135.23585510253906,138.814
139,4.633333333333334,122.2978744506836,0.6140538454055786,1,122.2978744506836,135.64734
140,4.666666666666667,124.6181640625,0.6348366737365723,1,124.6181640625,136.46106
141,4.7,141.63525390625,0.7607337236404419,1,141.63525390625,139.05307
142,4.733333333333333,148.1980438232422,0.45866698026657104,1,148.1980438232422,133.34538
143,4.766666666666667,151.076171875,0.38220661878585815,1,151.076171875,132.74869
144,4.8,150.31005859375,0.30298030376434326,1,150.31005859375,138.695
145,4.833333333333333,95.2820816040039,0.5904319286346436,1,95.2820816040039,137.86394
146,4.866666666666666,118.12102508544922,0.4470166862010956,1,118.12102508544922,136.68869
147,4.9,166.24244689941406,0.5419893860816956,1,166.24244689941406,136.8226
148,4.933333333333334,135.81759643554688,0.39440131187438965,1,135.81759643554688,138.93979
149,4.966666666666667,139.9713897705078,0.7134096622467041,1,139.9713897705078,146.9469
150,5.0,152.0134735107422,0.26123368740081787,1,152.0134735107422,153.0476
151,5.033333333333333,165.13040161132812,0.1516898274421692,1,165.13040161132812,152.27383
152,5.066666666666666,151.33187866210938,0.28123706579208374,1,151.33187866210938,155.84647
153,5.1,160.82601928710938,0.09057392925024033,1,160.82601928710938,158.82568
